{
	"plugin_name": "adminbotchat",
	"plugin_scope": "adminbotchat",
	"plugin_exec": "AdminBotChat.js",
	"command_map": {
		"botadmin": {
			"hargs": {
				"vi_VN": "<Link thằng chủ lồn của bot>",
				"en_US": ""
			},
			"hdesc": {
				"vi_VN": "Gửi link thằng chủ tới box",
				"en_US": "Gửi link thằng chủ tới box"
			},
			"fscope": "adminbotchat",
			"compatibly": 0
		}
	},
	"author": "DauPhu",
	"version": "1.1",
	"node_depends": {
		"node-fetch": ""
	},
	"complied_for": "0.3.0"
}